{"cameraMode":{"drawMode":0,"name":"Shaded","section":"Shading Mode"},"sceneLighting":true,"audioPlay":false,"sceneViewState":{"showFog":true,"showMaterialUpdate":false,"showSkybox":true,"showFlares":true,"showImageEffects":true,"showParticleSystems":true},"in2DMode":false,"pivot":{"x":-1.6461765766143799,"y":2.287581205368042,"z":55.304115295410159},"rotation":{"x":0.13637204468250276,"y":-0.0004700052668340504,"z":0.00009273979958379641,"w":0.99065762758255},"size":22.0,"orthographic":false}